,Player,EspnId,EspnHeadshot
0,Nathan MacKinnon,3041969,https://a.espncdn.com/i/headshots/nhl/players/full/3041969.png
1,Leon Draisaitl,3114727,https://a.espncdn.com/i/headshots/nhl/players/full/3114727.png
2,Mikko Rantanen,3899938,https://a.espncdn.com/i/headshots/nhl/players/full/3899938.png
3,Mitch Marner,3899937,https://a.espncdn.com/i/headshots/nhl/players/full/3899937.png
4,Nikita Kucherov,2563060,https://a.espncdn.com/i/headshots/nhl/players/full/2563060.png
5,Connor McDavid,3895074,https://a.espncdn.com/i/headshots/nhl/players/full/3895074.png
6,Jack Eichel,3648002,https://a.espncdn.com/i/headshots/nhl/players/full/3648002.png
7,Kyle Connor,3899952,https://a.espncdn.com/i/headshots/nhl/players/full/3899952.png
8,Kirill Kaprizov,3942335,https://a.espncdn.com/i/headshots/nhl/players/full/3942335.png
9,Cale Makar,4233563,https://a.espncdn.com/i/headshots/nhl/players/full/4233563.png
10,Jesper Bratt,4268771,https://a.espncdn.com/i/headshots/nhl/players/full/4268771.png
11,Jack Hughes,4565222,https://a.espncdn.com/i/headshots/nhl/players/full/4565222.png
12,Martin Necas,4233586,https://a.espncdn.com/i/headshots/nhl/players/full/4233586.png
13,Mark Scheifele,2562632,https://a.espncdn.com/i/headshots/nhl/players/full/2562632.png
14,Sam Reinhart,3114722,https://a.espncdn.com/i/headshots/nhl/players/full/3114722.png
15,Brayden Point,3151187,https://a.espncdn.com/i/headshots/nhl/players/full/3151187.png
16,Dylan Strome,3899933,https://a.espncdn.com/i/headshots/nhl/players/full/3899933.png
17,Zach Werenski,3899972,https://a.espncdn.com/i/headshots/nhl/players/full/3899972.png
18,Quinn Hughes,4320548,https://a.espncdn.com/i/headshots/nhl/players/full/4320548.png
19,Kirill Marchenko,4587996,https://a.espncdn.com/i/headshots/nhl/players/full/4587996.png
20,William Nylander,3114736,https://a.espncdn.com/i/headshots/nhl/players/full/3114736.png
21,Travis Konecny,3900169,https://a.espncdn.com/i/headshots/nhl/players/full/3900169.png
22,Sebastian Aho,3904173,https://a.espncdn.com/i/headshots/nhl/players/full/3904173.png
23,Sidney Crosby,3114,https://a.espncdn.com/i/headshots/nhl/players/full/3114.png
24,David Pastrnak,3114778,https://a.espncdn.com/i/headshots/nhl/players/full/3114778.png
25,Brandon Hagel,4065019,https://a.espncdn.com/i/headshots/nhl/players/full/4065019.png
26,Nick Suzuki,4233594,https://a.espncdn.com/i/headshots/nhl/players/full/4233594.png
27,Lucas Raymond,4697385,https://a.espncdn.com/i/headshots/nhl/players/full/4697385.png
28,Tim Stutzle,4697384,https://a.espncdn.com/i/headshots/nhl/players/full/4697384.png
29,John Tavares,5160,https://a.espncdn.com/i/headshots/nhl/players/full/5160.png
30,Sean Monahan,3041996,https://a.espncdn.com/i/headshots/nhl/players/full/3041996.png
31,Artemi Panarin,3891952,https://a.espncdn.com/i/headshots/nhl/players/full/3891952.png
32,Anze Kopitar,3183,https://a.espncdn.com/i/headshots/nhl/players/full/3183.png
33,Jake Guentzel,3042083,https://a.espncdn.com/i/headshots/nhl/players/full/3042083.png
34,Clayton Keller,4024857,https://a.espncdn.com/i/headshots/nhl/players/full/4024857.png
35,Cole Caufield,4565236,https://a.espncdn.com/i/headshots/nhl/players/full/4565236.png
36,Brady Tkachuk,4319858,https://a.espncdn.com/i/headshots/nhl/players/full/4319858.png
37,Marco Rossi,4697391,https://a.espncdn.com/i/headshots/nhl/players/full/4697391.png
38,Matt Duchene,5161,https://a.espncdn.com/i/headshots/nhl/players/full/5161.png
39,Josh Morrissey,3042016,https://a.espncdn.com/i/headshots/nhl/players/full/3042016.png
40,Adrian Kempe,3114802,https://a.espncdn.com/i/headshots/nhl/players/full/3114802.png
41,Matthew Tkachuk,4024854,https://a.espncdn.com/i/headshots/nhl/players/full/4024854.png
42,Nico Hischier,4233555,https://a.espncdn.com/i/headshots/nhl/players/full/4233555.png
43,Gabriel Vilardi,4233583,https://a.espncdn.com/i/headshots/nhl/players/full/4233583.png
44,Drake Batherson,4271734,https://a.espncdn.com/i/headshots/nhl/players/full/4271734.png
45,Aliaksei Protas,4587943,https://a.espncdn.com/i/headshots/nhl/players/full/4587943.png
46,Connor Bedard,5149125,https://a.espncdn.com/i/headshots/nhl/players/full/5149125.png
47,Mikael Granlund,5831,https://a.espncdn.com/i/headshots/nhl/players/full/5831.png
48,Aleksander Barkov,3041970,https://a.espncdn.com/i/headshots/nhl/players/full/3041970.png
49,Tage Thompson,4024988,https://a.espncdn.com/i/headshots/nhl/players/full/4024988.png
50,Jordan Kyrou,4062251,https://a.espncdn.com/i/headshots/nhl/players/full/4062251.png
51,Matt Boldy,4565233,https://a.espncdn.com/i/headshots/nhl/players/full/4565233.png
52,Dylan Guenther,4874723,https://a.espncdn.com/i/headshots/nhl/players/full/4874723.png
53,Logan Cooley,5080143,https://a.espncdn.com/i/headshots/nhl/players/full/5080143.png
54,Mark Stone,5545,https://a.espncdn.com/i/headshots/nhl/players/full/5545.png
55,Rickard Rakell,2562629,https://a.espncdn.com/i/headshots/nhl/players/full/2562629.png
56,Filip Forsberg,2968772,https://a.espncdn.com/i/headshots/nhl/players/full/2968772.png
57,Nikolaj Ehlers,3114741,https://a.espncdn.com/i/headshots/nhl/players/full/3114741.png
58,Dylan Larkin,3114755,https://a.espncdn.com/i/headshots/nhl/players/full/3114755.png
59,Anthony Cirelli,3941973,https://a.espncdn.com/i/headshots/nhl/players/full/3941973.png
60,Troy Terry,3942905,https://a.espncdn.com/i/headshots/nhl/players/full/3942905.png
61,Evgeni Malkin,3124,https://a.espncdn.com/i/headshots/nhl/players/full/3124.png
62,Brad Marchand,3852,https://a.espncdn.com/i/headshots/nhl/players/full/3852.png
63,Anders Lee,5793,https://a.espncdn.com/i/headshots/nhl/players/full/5793.png
64,Tom Wilson,2970615,https://a.espncdn.com/i/headshots/nhl/players/full/2970615.png
65,Alex DeBrincat,4063433,https://a.espncdn.com/i/headshots/nhl/players/full/4063433.png
66,Jason Zucker,2593315,https://a.espncdn.com/i/headshots/nhl/players/full/2593315.png
67,Shea Theodore,3042055,https://a.espncdn.com/i/headshots/nhl/players/full/3042055.png
68,Pierre-Luc Dubois,4024833,https://a.espncdn.com/i/headshots/nhl/players/full/4024833.png
69,Connor McMichael,4565246,https://a.espncdn.com/i/headshots/nhl/players/full/4565246.png
70,Evan Bouchard,4352722,https://a.espncdn.com/i/headshots/nhl/players/full/4352722.png
71,JJ Peterka,4697438,https://a.espncdn.com/i/headshots/nhl/players/full/4697438.png
72,Lane Hutson,5080230,https://a.espncdn.com/i/headshots/nhl/players/full/5080230.png
73,Alex Ovechkin,3101,https://a.espncdn.com/i/headshots/nhl/players/full/3101.png
74,Ivan Barbashev,3114985,https://a.espncdn.com/i/headshots/nhl/players/full/3114985.png
75,Adam Fox,4197146,https://a.espncdn.com/i/headshots/nhl/players/full/4197146.png
76,Robert Thomas,4233637,https://a.espncdn.com/i/headshots/nhl/players/full/4233637.png
77,Jason Robertson,4233875,https://a.espncdn.com/i/headshots/nhl/players/full/4233875.png
78,Victor Hedman,5157,https://a.espncdn.com/i/headshots/nhl/players/full/5157.png
79,Jonathan Huberdeau,2562606,https://a.espncdn.com/i/headshots/nhl/players/full/2562606.png
80,J.T. Miller,2590852,https://a.espncdn.com/i/headshots/nhl/players/full/2590852.png
81,Bryan Rust,2591155,https://a.espncdn.com/i/headshots/nhl/players/full/2591155.png
82,Jonathan Marchessault,2967072,https://a.espncdn.com/i/headshots/nhl/players/full/2967072.png
83,Bo Horvat,3042002,https://a.espncdn.com/i/headshots/nhl/players/full/3042002.png
84,Carter Verhaeghe,3042088,https://a.espncdn.com/i/headshots/nhl/players/full/3042088.png
85,Alex Tuch,3114766,https://a.espncdn.com/i/headshots/nhl/players/full/3114766.png
86,Nick Schmaltz,3114770,https://a.espncdn.com/i/headshots/nhl/players/full/3114770.png
87,Jared McCann,3114777,https://a.espncdn.com/i/headshots/nhl/players/full/3114777.png
88,Timo Meier,3899978,https://a.espncdn.com/i/headshots/nhl/players/full/3899978.png
89,Jake DeBrusk,3900240,https://a.espncdn.com/i/headshots/nhl/players/full/3900240.png
90,Conor Garland,3939718,https://a.espncdn.com/i/headshots/nhl/players/full/3939718.png
91,Rasmus Dahlin,4294163,https://a.espncdn.com/i/headshots/nhl/players/full/4294163.png
92,Seth Jarvis,4697396,https://a.espncdn.com/i/headshots/nhl/players/full/4697396.png
93,Dylan Holloway,4697397,https://a.espncdn.com/i/headshots/nhl/players/full/4697397.png
94,Wyatt Johnston,4874740,https://a.espncdn.com/i/headshots/nhl/players/full/4874740.png
95,Matvei Michkov,5149170,https://a.espncdn.com/i/headshots/nhl/players/full/5149170.png
96,Andrei Svechnikov,4352683,https://a.espncdn.com/i/headshots/nhl/players/full/4352683.png
97,William Eklund,4874721,https://a.espncdn.com/i/headshots/nhl/players/full/4874721.png
98,Macklin Celebrini,5206628,https://a.espncdn.com/i/headshots/nhl/players/full/5206628.png
99,Erik Karlsson,5164,https://a.espncdn.com/i/headshots/nhl/players/full/5164.png
100,Neal Pionk,3988847,https://a.espncdn.com/i/headshots/nhl/players/full/3988847.png
101,Auston Matthews,4024123,https://a.espncdn.com/i/headshots/nhl/players/full/4024123.png
102,Mikhail Sergachev,4024868,https://a.espncdn.com/i/headshots/nhl/players/full/4024868.png
103,Jakob Chychrun,4024950,https://a.espncdn.com/i/headshots/nhl/players/full/4024950.png
104,Elias Pettersson,4233566,https://a.espncdn.com/i/headshots/nhl/players/full/4233566.png
105,Jamie Benn,3998,https://a.espncdn.com/i/headshots/nhl/players/full/3998.png
106,Nazem Kadri,5349,https://a.espncdn.com/i/headshots/nhl/players/full/5349.png
107,Stefan Noesen,2562623,https://a.espncdn.com/i/headshots/nhl/players/full/2562623.png
108,Shayne Gostisbehere,3025662,https://a.espncdn.com/i/headshots/nhl/players/full/3025662.png
109,Sam Bennett,3114732,https://a.espncdn.com/i/headshots/nhl/players/full/3114732.png
110,Mason Marchment,4272192,https://a.espncdn.com/i/headshots/nhl/players/full/4272192.png
111,Fabian Zetterlund,4587837,https://a.espncdn.com/i/headshots/nhl/players/full/4587837.png
112,Anton Lundell,4697395,https://a.espncdn.com/i/headshots/nhl/players/full/4697395.png
113,Alex Laferriere,4697725,https://a.espncdn.com/i/headshots/nhl/players/full/4697725.png
114,Dmitri Voronkov,4915856,https://a.espncdn.com/i/headshots/nhl/players/full/4915856.png
115,John Carlson,5118,https://a.espncdn.com/i/headshots/nhl/players/full/5118.png
116,Kyle Palmieri,5517,https://a.espncdn.com/i/headshots/nhl/players/full/5517.png
117,Tyler Toffoli,5550,https://a.espncdn.com/i/headshots/nhl/players/full/5550.png
118,Jaden Schwartz,5835,https://a.espncdn.com/i/headshots/nhl/players/full/5835.png
119,Dougie Hamilton,2562605,https://a.espncdn.com/i/headshots/nhl/players/full/2562605.png
120,Pavel Buchnevich,3042081,https://a.espncdn.com/i/headshots/nhl/players/full/3042081.png
121,Oliver Bjorkstrand,3042095,https://a.espncdn.com/i/headshots/nhl/players/full/3042095.png
122,Chandler Stephenson,3067858,https://a.espncdn.com/i/headshots/nhl/players/full/3067858.png
123,Brock Boeser,3899979,https://a.espncdn.com/i/headshots/nhl/players/full/3899979.png
124,Casey Mittelstadt,4233575,https://a.espncdn.com/i/headshots/nhl/players/full/4233575.png
125,Steven Stamkos,5037,https://a.espncdn.com/i/headshots/nhl/players/full/5037.png
126,Ryan O'Reilly,5208,https://a.espncdn.com/i/headshots/nhl/players/full/5208.png
127,Roman Josi,5436,https://a.espncdn.com/i/headshots/nhl/players/full/5436.png
128,Mats Zuccarello,5560,https://a.espncdn.com/i/headshots/nhl/players/full/5560.png
129,Teuvo Teravainen,2592095,https://a.espncdn.com/i/headshots/nhl/players/full/2592095.png
130,Tomas Hertl,2976844,https://a.espncdn.com/i/headshots/nhl/players/full/2976844.png
131,Jake Walman,3151136,https://a.espncdn.com/i/headshots/nhl/players/full/3151136.png
132,Jack Roslovic,3904098,https://a.espncdn.com/i/headshots/nhl/players/full/3904098.png
133,Matthew Knies,4874919,https://a.espncdn.com/i/headshots/nhl/players/full/4874919.png
134,Owen Tippett,4392072,https://a.espncdn.com/i/headshots/nhl/players/full/4392072.png
135,Moritz Seider,4565227,https://a.espncdn.com/i/headshots/nhl/players/full/4565227.png
136,Will Cuylle,4697468,https://a.espncdn.com/i/headshots/nhl/players/full/4697468.png
137,Claude Giroux,3775,https://a.espncdn.com/i/headshots/nhl/players/full/3775.png
138,Mika Zibanejad,2562637,https://a.espncdn.com/i/headshots/nhl/players/full/2562637.png
139,Vincent Trocheck,2563036,https://a.espncdn.com/i/headshots/nhl/players/full/2563036.png
140,Roope Hintz,3904183,https://a.espncdn.com/i/headshots/nhl/players/full/3904183.png
141,Brayden Schenn,5219,https://a.espncdn.com/i/headshots/nhl/players/full/5219.png
142,Ryan Strome,2562636,https://a.espncdn.com/i/headshots/nhl/players/full/2562636.png
143,Colton Parayko,3069341,https://a.espncdn.com/i/headshots/nhl/players/full/3069341.png
144,Michael Bunting,3149603,https://a.espncdn.com/i/headshots/nhl/players/full/3149603.png
145,Warren Foegele,3151036,https://a.espncdn.com/i/headshots/nhl/players/full/3151036.png
146,Frank Vatrano,3527554,https://a.espncdn.com/i/headshots/nhl/players/full/3527554.png
147,Jake Evans,4393049,https://a.espncdn.com/i/headshots/nhl/players/full/4393049.png
148,Cole Perfetti,4697392,https://a.espncdn.com/i/headshots/nhl/players/full/4697392.png
149,Bowen Byram,4565225,https://a.espncdn.com/i/headshots/nhl/players/full/4565225.png
150,Simon Holmstrom,4565244,https://a.espncdn.com/i/headshots/nhl/players/full/4565244.png
151,Alexis Lafreniere,4697382,https://a.espncdn.com/i/headshots/nhl/players/full/4697382.png
152,Connor Zary,4697407,https://a.espncdn.com/i/headshots/nhl/players/full/4697407.png
153,Matty Beniers,4781552,https://a.espncdn.com/i/headshots/nhl/players/full/4781552.png
154,Kent Johnson,4781553,https://a.espncdn.com/i/headshots/nhl/players/full/4781553.png
155,Owen Power,4781556,https://a.espncdn.com/i/headshots/nhl/players/full/4781556.png
156,Cole Sillinger,4874725,https://a.espncdn.com/i/headshots/nhl/players/full/4874725.png
157,Juraj Slafkovsky,4915349,https://a.espncdn.com/i/headshots/nhl/players/full/4915349.png
158,Zach Hyman,5509,https://a.espncdn.com/i/headshots/nhl/players/full/5509.png
159,Nino Niederreiter,5511,https://a.espncdn.com/i/headshots/nhl/players/full/5511.png
160,Ryan Nugent-Hopkins,2562624,https://a.espncdn.com/i/headshots/nhl/players/full/2562624.png
161,Adam Lowry,2563066,https://a.espncdn.com/i/headshots/nhl/players/full/2563066.png
162,Scott Laughton,2976848,https://a.espncdn.com/i/headshots/nhl/players/full/2976848.png
163,Kevin Fiala,3114743,https://a.espncdn.com/i/headshots/nhl/players/full/3114743.png
164,Brandon Montour,3115032,https://a.espncdn.com/i/headshots/nhl/players/full/3115032.png
165,Ryan Donato,3115033,https://a.espncdn.com/i/headshots/nhl/players/full/3115033.png
166,Josh Norris,4233627,https://a.espncdn.com/i/headshots/nhl/players/full/4233627.png
167,Patrick Kane,3735,https://a.espncdn.com/i/headshots/nhl/players/full/3735.png
168,Alex Pietrangelo,4013,https://a.espncdn.com/i/headshots/nhl/players/full/4013.png
169,Taylor Hall,5428,https://a.espncdn.com/i/headshots/nhl/players/full/5428.png
170,Brock Nelson,5798,https://a.espncdn.com/i/headshots/nhl/players/full/5798.png
171,Phillip Danault,2562602,https://a.espncdn.com/i/headshots/nhl/players/full/2562602.png
172,Tyler Bertuzzi,3042056,https://a.espncdn.com/i/headshots/nhl/players/full/3042056.png
173,Matt Grzelcyk,3069448,https://a.espncdn.com/i/headshots/nhl/players/full/3069448.png
174,Travis Sanheim,3114757,https://a.espncdn.com/i/headshots/nhl/players/full/3114757.png
175,Noah Hanifin,3652964,https://a.espncdn.com/i/headshots/nhl/players/full/3652964.png
176,Pavel Zacha,3899949,https://a.espncdn.com/i/headshots/nhl/players/full/3899949.png
177,Pavel Dorofeyev,4587588,https://a.espncdn.com/i/headshots/nhl/players/full/4587588.png
178,Jake Sanderson,4697386,https://a.espncdn.com/i/headshots/nhl/players/full/4697386.png
179,Dawson Mercer,4697401,https://a.espncdn.com/i/headshots/nhl/players/full/4697401.png
180,Brandt Clarke,4874722,https://a.espncdn.com/i/headshots/nhl/players/full/4874722.png
181,Eric Robinson,4319879,https://a.espncdn.com/i/headshots/nhl/players/full/4319879.png
182,Noah Dobson,4352732,https://a.espncdn.com/i/headshots/nhl/players/full/4352732.png
183,Dylan Cozens,4565228,https://a.espncdn.com/i/headshots/nhl/players/full/4565228.png
184,Quinton Byfield,4697383,https://a.espncdn.com/i/headshots/nhl/players/full/4697383.png
185,Jake Neighbours,4697409,https://a.espncdn.com/i/headshots/nhl/players/full/4697409.png
186,Brock Faber,4697449,https://a.espncdn.com/i/headshots/nhl/players/full/4697449.png
187,Tyler Seguin,5430,https://a.espncdn.com/i/headshots/nhl/players/full/5430.png
188,Vladislav Namestnikov,2562622,https://a.espncdn.com/i/headshots/nhl/players/full/2562622.png
189,Jean-Gabriel Pageau,2593131,https://a.espncdn.com/i/headshots/nhl/players/full/2593131.png
190,Mike Matheson,2976851,https://a.espncdn.com/i/headshots/nhl/players/full/2976851.png
191,Elias Lindholm,3041994,https://a.espncdn.com/i/headshots/nhl/players/full/3041994.png
192,Artturi Lehkonen,3042050,https://a.espncdn.com/i/headshots/nhl/players/full/3042050.png
193,Nick Paul,3042111,https://a.espncdn.com/i/headshots/nhl/players/full/3042111.png
194,MacKenzie Weegar,3042269,https://a.espncdn.com/i/headshots/nhl/players/full/3042269.png
195,Devon Toews,3096249,https://a.espncdn.com/i/headshots/nhl/players/full/3096249.png
196,Aaron Ekblad,3114717,https://a.espncdn.com/i/headshots/nhl/players/full/3114717.png
197,Brett Howden,4024989,https://a.espncdn.com/i/headshots/nhl/players/full/4024989.png
198,Reilly Smith,2500990,https://a.espncdn.com/i/headshots/nhl/players/full/2500990.png
199,Joel Armia,2562596,https://a.espncdn.com/i/headshots/nhl/players/full/2562596.png
200,Sean Couturier,2562601,https://a.espncdn.com/i/headshots/nhl/players/full/2562601.png
201,Blake Coleman,2563026,https://a.espncdn.com/i/headshots/nhl/players/full/2563026.png
202,Morgan Rielly,2976833,https://a.espncdn.com/i/headshots/nhl/players/full/2976833.png
203,J.T. Compher,3041995,https://a.espncdn.com/i/headshots/nhl/players/full/3041995.png
204,Alex Wennberg,3042017,https://a.espncdn.com/i/headshots/nhl/players/full/3042017.png
205,Connor Brown,3067951,https://a.espncdn.com/i/headshots/nhl/players/full/3067951.png
206,Charlie McAvoy,3988803,https://a.espncdn.com/i/headshots/nhl/players/full/3988803.png
207,Pius Suter,4271732,https://a.espncdn.com/i/headshots/nhl/players/full/4271732.png
208,Kiefer Sherwood,4391255,https://a.espncdn.com/i/headshots/nhl/players/full/4391255.png
209,Kaapo Kakko,4565223,https://a.espncdn.com/i/headshots/nhl/players/full/4565223.png
210,Bobby Brink,4565257,https://a.espncdn.com/i/headshots/nhl/players/full/4565257.png
211,Tyson Foerster,4697406,https://a.espncdn.com/i/headshots/nhl/players/full/4697406.png
212,Matt Coronato,4874730,https://a.espncdn.com/i/headshots/nhl/players/full/4874730.png
213,Maxim Tsyplakov,5212753,
214,Morgan Geekie,4268466,https://a.espncdn.com/i/headshots/nhl/players/full/4268466.png
215,Jesperi Kotkaniemi,4352692,https://a.espncdn.com/i/headshots/nhl/players/full/4352692.png
216,Ryan McLeod,4378669,https://a.espncdn.com/i/headshots/nhl/players/full/4378669.png
217,Thomas Harley,4565239,https://a.espncdn.com/i/headshots/nhl/players/full/4565239.png
218,Luke Hughes,4874719,https://a.espncdn.com/i/headshots/nhl/players/full/4874719.png
219,Ryker Evans,4874864,https://a.espncdn.com/i/headshots/nhl/players/full/4874864.png
220,Logan Stankoven,4874899,https://a.espncdn.com/i/headshots/nhl/players/full/4874899.png
221,Shane Wright,5080144,https://a.espncdn.com/i/headshots/nhl/players/full/5080144.png
222,Mikael Backlund,3797,https://a.espncdn.com/i/headshots/nhl/players/full/3797.png
223,Dmitry Orlov,5646,https://a.espncdn.com/i/headshots/nhl/players/full/5646.png
224,Tanner Pearson,2976860,https://a.espncdn.com/i/headshots/nhl/players/full/2976860.png
225,Trevor Moore,3096186,https://a.espncdn.com/i/headshots/nhl/players/full/3096186.png
226,Ivan Provorov,3899939,https://a.espncdn.com/i/headshots/nhl/players/full/3899939.png
227,Rasmus Andersson,3904186,https://a.espncdn.com/i/headshots/nhl/players/full/3904186.png
228,Vince Dunn,3904189,https://a.espncdn.com/i/headshots/nhl/players/full/3904189.png
229,Samuel Girard,4063401,https://a.espncdn.com/i/headshots/nhl/players/full/4063401.png
230,Justin Brazeau,4063605,https://a.espncdn.com/i/headshots/nhl/players/full/4063605.png
231,Miro Heiskanen,4233536,https://a.espncdn.com/i/headshots/nhl/players/full/4233536.png
232,Morgan Frost,4233685,https://a.espncdn.com/i/headshots/nhl/players/full/4233685.png
233,Nick Foligno,3535,https://a.espncdn.com/i/headshots/nhl/players/full/3535.png
234,Alex Killorn,4968,https://a.espncdn.com/i/headshots/nhl/players/full/4968.png
235,Evgenii Dadonov,4969,https://a.espncdn.com/i/headshots/nhl/players/full/4969.png
236,Brendan Gallagher,5614,https://a.espncdn.com/i/headshots/nhl/players/full/5614.png
237,Mattias Ekholm,2558631,https://a.espncdn.com/i/headshots/nhl/players/full/2558631.png
238,William Karlsson,2563057,https://a.espncdn.com/i/headshots/nhl/players/full/2563057.png
239,Ondrej Palat,2590389,https://a.espncdn.com/i/headshots/nhl/players/full/2590389.png
240,Jordan Martinook,2989376,https://a.espncdn.com/i/headshots/nhl/players/full/2989376.png
241,Teddy Blueger,3024916,https://a.espncdn.com/i/headshots/nhl/players/full/3024916.png
242,Darnell Nurse,3041997,https://a.espncdn.com/i/headshots/nhl/players/full/3041997.png
243,Valeri Nichushkin,3042003,https://a.espncdn.com/i/headshots/nhl/players/full/3042003.png
244,Damon Severson,3068087,https://a.espncdn.com/i/headshots/nhl/players/full/3068087.png
245,Evan Rodrigues,3648008,https://a.espncdn.com/i/headshots/nhl/players/full/3648008.png
246,Thomas Chabot,3900219,https://a.espncdn.com/i/headshots/nhl/players/full/3900219.png
247,Joel Eriksson Ek,3904091,https://a.espncdn.com/i/headshots/nhl/players/full/3904091.png
248,Keegan Kolesar,3941546,https://a.espncdn.com/i/headshots/nhl/players/full/3941546.png
249,Adam Gaudette,3942868,https://a.espncdn.com/i/headshots/nhl/players/full/3942868.png
250,Luke Kunin,4024933,https://a.espncdn.com/i/headshots/nhl/players/full/4024933.png
251,Taylor Raddysh,4063502,https://a.espncdn.com/i/headshots/nhl/players/full/4063502.png
252,Filip Chytil,4233643,https://a.espncdn.com/i/headshots/nhl/players/full/4233643.png
253,Barrett Hayton,4352699,https://a.espncdn.com/i/headshots/nhl/players/full/4352699.png
254,Rasmus Sandin,4352803,https://a.espncdn.com/i/headshots/nhl/players/full/4352803.png
255,Alex Vlasic,4565266,https://a.espncdn.com/i/headshots/nhl/players/full/4565266.png
256,Emil Heineman,4697447,https://a.espncdn.com/i/headshots/nhl/players/full/4697447.png
257,Bobby McMann,5048894,https://a.espncdn.com/i/headshots/nhl/players/full/5048894.png
258,Cutter Gauthier,5080145,https://a.espncdn.com/i/headshots/nhl/players/full/5080145.png
259,Adam Fantilli,5136617,https://a.espncdn.com/i/headshots/nhl/players/full/5136617.png
260,Paul Cotter,4331579,https://a.espncdn.com/i/headshots/nhl/players/full/4331579.png
261,Noah Cates,4419682,https://a.espncdn.com/i/headshots/nhl/players/full/4419682.png
262,Jackson LaCombe,4565262,https://a.espncdn.com/i/headshots/nhl/players/full/4565262.png
263,Mason Lohrei,4697461,https://a.espncdn.com/i/headshots/nhl/players/full/4697461.png
264,Mason McTavish,4874718,https://a.espncdn.com/i/headshots/nhl/players/full/4874718.png
265,Kris Letang,3539,https://a.espncdn.com/i/headshots/nhl/players/full/3539.png
266,Jordan Staal,3541,https://a.espncdn.com/i/headshots/nhl/players/full/3541.png
267,Gustav Nyquist,5823,https://a.espncdn.com/i/headshots/nhl/players/full/5823.png
268,Andrew Copp,3042114,https://a.espncdn.com/i/headshots/nhl/players/full/3042114.png
269,Yanni Gourde,3094261,https://a.espncdn.com/i/headshots/nhl/players/full/3094261.png
270,Andrew Mangiapane,3149619,https://a.espncdn.com/i/headshots/nhl/players/full/3149619.png
271,Frederick Gaudreau,3149649,https://a.espncdn.com/i/headshots/nhl/players/full/3149649.png
272,Danton Heinen,3151741,https://a.espncdn.com/i/headshots/nhl/players/full/3151741.png
273,Vladislav Gavrikov,3942292,https://a.espncdn.com/i/headshots/nhl/players/full/3942292.png
274,Mathieu Olivier,4064781,https://a.espncdn.com/i/headshots/nhl/players/full/4064781.png
275,Marcus Foligno,5172,https://a.espncdn.com/i/headshots/nhl/players/full/5172.png
276,Oliver Ekman-Larsson,5488,https://a.espncdn.com/i/headshots/nhl/players/full/5488.png
277,Chris Kreider,5833,https://a.espncdn.com/i/headshots/nhl/players/full/5833.png
278,Jonas Brodin,2562600,https://a.espncdn.com/i/headshots/nhl/players/full/2562600.png
279,Nic Dowd,3025616,https://a.espncdn.com/i/headshots/nhl/players/full/3025616.png
280,Ryan Pulock,3042019,https://a.espncdn.com/i/headshots/nhl/players/full/3042019.png
281,Andre Burakovsky,3042044,https://a.espncdn.com/i/headshots/nhl/players/full/3042044.png
282,Alexander Kerfoot,3069394,https://a.espncdn.com/i/headshots/nhl/players/full/3069394.png
283,Josh Anderson,3069687,https://a.espncdn.com/i/headshots/nhl/players/full/3069687.png
284,Gustav Forsling,3151784,https://a.espncdn.com/i/headshots/nhl/players/full/3151784.png
285,Mason Appleton,3942043,https://a.espncdn.com/i/headshots/nhl/players/full/3942043.png
286,Eeli Tolvanen,4233720,https://a.espncdn.com/i/headshots/nhl/players/full/4233720.png
287,Jesper Boqvist,4233872,https://a.espncdn.com/i/headshots/nhl/players/full/4233872.png
288,Eetu Luostarinen,4233877,https://a.espncdn.com/i/headshots/nhl/players/full/4233877.png
289,Michael Kesselring,4331604,https://a.espncdn.com/i/headshots/nhl/players/full/4331604.png
290,Alex Turcotte,4565226,https://a.espncdn.com/i/headshots/nhl/players/full/4565226.png
291,Jack McBain,4755695,https://a.espncdn.com/i/headshots/nhl/players/full/4755695.png
292,Leo Carlsson,5149153,https://a.espncdn.com/i/headshots/nhl/players/full/5149153.png
293,Joel Farabee,4352750,https://a.espncdn.com/i/headshots/nhl/players/full/4352750.png
294,Ross Colton,4392471,https://a.espncdn.com/i/headshots/nhl/players/full/4392471.png
295,Kirby Dach,4565224,https://a.espncdn.com/i/headshots/nhl/players/full/4565224.png
296,Philip Broberg,4565229,https://a.espncdn.com/i/headshots/nhl/players/full/4565229.png
297,Vasily Podkolzin,4565231,https://a.espncdn.com/i/headshots/nhl/players/full/4565231.png
298,Nikolai Kovalenko,4588147,https://a.espncdn.com/i/headshots/nhl/players/full/4588147.png
299,Jack Quinn,4697389,https://a.espncdn.com/i/headshots/nhl/players/full/4697389.png
300,Yegor Chinakhov,4697404,https://a.espncdn.com/i/headshots/nhl/players/full/4697404.png
301,Luke Evangelista,4697446,https://a.espncdn.com/i/headshots/nhl/players/full/4697446.png
302,Simon Edvinsson,4874720,https://a.espncdn.com/i/headshots/nhl/players/full/4874720.png
303,Will Smith,5149155,https://a.espncdn.com/i/headshots/nhl/players/full/5149155.png
304,Lars Eller,3946,https://a.espncdn.com/i/headshots/nhl/players/full/3946.png
305,Jeff Skinner,5540,https://a.espncdn.com/i/headshots/nhl/players/full/5540.png
306,Marcus Johansson,5714,https://a.espncdn.com/i/headshots/nhl/players/full/5714.png
307,Vladimir Tarasenko,5837,https://a.espncdn.com/i/headshots/nhl/players/full/5837.png
308,Charlie Coyle,2555315,https://a.espncdn.com/i/headshots/nhl/players/full/2555315.png
309,Max Domi,3042014,https://a.espncdn.com/i/headshots/nhl/players/full/3042014.png
310,Mattias Janmark,3042085,https://a.espncdn.com/i/headshots/nhl/players/full/3042085.png
311,Brandon Tanev,3096236,https://a.espncdn.com/i/headshots/nhl/players/full/3096236.png
312,Alex Iafallo,3652598,https://a.espncdn.com/i/headshots/nhl/players/full/3652598.png
313,Niko Mikkola,3942354,https://a.espncdn.com/i/headshots/nhl/players/full/3942354.png
314,Sam Steel,4024998,https://a.espncdn.com/i/headshots/nhl/players/full/4024998.png
315,Brent Burns,2300,https://a.espncdn.com/i/headshots/nhl/players/full/2300.png
316,Jared Spurgeon,5079,https://a.espncdn.com/i/headshots/nhl/players/full/5079.png
317,Cam Fowler,5495,https://a.espncdn.com/i/headshots/nhl/players/full/5495.png
318,Chris Tanev,5592,https://a.espncdn.com/i/headshots/nhl/players/full/5592.png
319,Justin Faulk,5746,https://a.espncdn.com/i/headshots/nhl/players/full/5746.png
320,Connor Murphy,2562618,https://a.espncdn.com/i/headshots/nhl/players/full/2562618.png
321,Brandon Saad,2563065,https://a.espncdn.com/i/headshots/nhl/players/full/2563065.png
322,Brady Skjei,2976856,https://a.espncdn.com/i/headshots/nhl/players/full/2976856.png
323,Trevor van Riemsdyk,3025524,https://a.espncdn.com/i/headshots/nhl/players/full/3025524.png
324,Nick Jensen,3025608,https://a.espncdn.com/i/headshots/nhl/players/full/3025608.png
325,Seth Jones,3041992,https://a.espncdn.com/i/headshots/nhl/players/full/3041992.png
326,Jason Dickinson,3042062,https://a.espncdn.com/i/headshots/nhl/players/full/3042062.png
327,Marcus Pettersson,3114995,https://a.espncdn.com/i/headshots/nhl/players/full/3114995.png
328,Jake Middleton,3149839,https://a.espncdn.com/i/headshots/nhl/players/full/3149839.png
329,Victor Olofsson,3151096,https://a.espncdn.com/i/headshots/nhl/players/full/3151096.png
330,Nicolas Roy,3943996,https://a.espncdn.com/i/headshots/nhl/players/full/3943996.png
331,Ryan Poehling,4233668,https://a.espncdn.com/i/headshots/nhl/players/full/4233668.png
332,Joel Kiviranta,4587910,https://a.espncdn.com/i/headshots/nhl/players/full/4587910.png
333,Mikey Anderson,4588178,https://a.espncdn.com/i/headshots/nhl/players/full/4588178.png
334,Jordan Spence,4588190,https://a.espncdn.com/i/headshots/nhl/players/full/4588190.png
335,Drew O'Connor,4712146,https://a.espncdn.com/i/headshots/nhl/players/full/4712146.png
336,Zach Benson,5149186,https://a.espncdn.com/i/headshots/nhl/players/full/5149186.png
337,Blake Lizotte,4316983,https://a.espncdn.com/i/headshots/nhl/players/full/4316983.png
338,Kevin Bahl,4378686,https://a.espncdn.com/i/headshots/nhl/players/full/4378686.png
339,Martin Pospisil,4392883,https://a.espncdn.com/i/headshots/nhl/players/full/4392883.png
340,Cole Koepke,4419679,https://a.espncdn.com/i/headshots/nhl/players/full/4419679.png
341,Ilya Mikheyev,4422415,https://a.espncdn.com/i/headshots/nhl/players/full/4422415.png
342,Peyton Krebs,4565238,https://a.espncdn.com/i/headshots/nhl/players/full/4565238.png
343,Brett Leason,4565278,https://a.espncdn.com/i/headshots/nhl/players/full/4565278.png
344,Matias Maccelli,4587580,https://a.espncdn.com/i/headshots/nhl/players/full/4587580.png
345,Johnathan Kovacevic,4587933,https://a.espncdn.com/i/headshots/nhl/players/full/4587933.png
346,Mark Kastelic,4587985,https://a.espncdn.com/i/headshots/nhl/players/full/4587985.png
347,Ridly Greig,4697411,https://a.espncdn.com/i/headshots/nhl/players/full/4697411.png
348,Zack Bolduc,4874734,https://a.espncdn.com/i/headshots/nhl/players/full/4874734.png
349,Mackie Samoskevich,4874741,https://a.espncdn.com/i/headshots/nhl/players/full/4874741.png
350,Olen Zellweger,4874863,https://a.espncdn.com/i/headshots/nhl/players/full/4874863.png
351,Jackson Blake,5103645,https://a.espncdn.com/i/headshots/nhl/players/full/5103645.png
352,Corey Perry,2273,https://a.espncdn.com/i/headshots/nhl/players/full/2273.png
353,James van Riemsdyk,3822,https://a.espncdn.com/i/headshots/nhl/players/full/3822.png
354,Max Pacioretty,4005,https://a.espncdn.com/i/headshots/nhl/players/full/4005.png
355,Ian Cole,4991,https://a.espncdn.com/i/headshots/nhl/players/full/4991.png
356,Nick Seeler,2564164,https://a.espncdn.com/i/headshots/nhl/players/full/2564164.png
357,Brett Kulak,3068665,https://a.espncdn.com/i/headshots/nhl/players/full/3068665.png
358,Esa Lindell,3069352,https://a.espncdn.com/i/headshots/nhl/players/full/3069352.png
359,Jaccob Slavin,3069836,https://a.espncdn.com/i/headshots/nhl/players/full/3069836.png
360,Christian Dvorak,3115035,https://a.espncdn.com/i/headshots/nhl/players/full/3115035.png
361,Garnet Hathaway,3149633,https://a.espncdn.com/i/headshots/nhl/players/full/3149633.png
362,Darren Raddysh,3149843,https://a.espncdn.com/i/headshots/nhl/players/full/3149843.png
363,Kevin Labanc,3151792,https://a.espncdn.com/i/headshots/nhl/players/full/3151792.png
364,Anthony Beauvillier,3904107,https://a.espncdn.com/i/headshots/nhl/players/full/3904107.png
365,Alexandre Carrier,3942064,https://a.espncdn.com/i/headshots/nhl/players/full/3942064.png
366,Trent Frederic,4024997,https://a.espncdn.com/i/headshots/nhl/players/full/4024997.png
367,Michael Rasmussen,4233576,https://a.espncdn.com/i/headshots/nhl/players/full/4233576.png
368,Jordan Eberle,5032,https://a.espncdn.com/i/headshots/nhl/players/full/5032.png
369,Brenden Dillon,2554903,https://a.espncdn.com/i/headshots/nhl/players/full/2554903.png
370,Nick Cousins,2563027,https://a.espncdn.com/i/headshots/nhl/players/full/2563027.png
371,Craig Smith,2570752,https://a.espncdn.com/i/headshots/nhl/players/full/2570752.png
372,Erik Haula,2593311,https://a.espncdn.com/i/headshots/nhl/players/full/2593311.png
373,Cody Ceci,2976843,https://a.espncdn.com/i/headshots/nhl/players/full/2976843.png
374,Jake McCabe,3020803,https://a.espncdn.com/i/headshots/nhl/players/full/3020803.png
375,Rasmus Ristolainen,3041999,https://a.espncdn.com/i/headshots/nhl/players/full/3041999.png
376,Jakub Vrana,3114747,https://a.espncdn.com/i/headshots/nhl/players/full/3114747.png
377,Viktor Arvidsson,3120307,https://a.espncdn.com/i/headshots/nhl/players/full/3120307.png
378,Kevin Stenlund,3904191,https://a.espncdn.com/i/headshots/nhl/players/full/3904191.png
379,Zachary Aston-Reese,3988830,https://a.espncdn.com/i/headshots/nhl/players/full/3988830.png
380,Mitchell Chaffee,4419646,https://a.espncdn.com/i/headshots/nhl/players/full/4419646.png
381,Yegor Sharangovich,4587843,https://a.espncdn.com/i/headshots/nhl/players/full/4587843.png
382,Lukas Reichel,4697400,https://a.espncdn.com/i/headshots/nhl/players/full/4697400.png
383,Jonatan Berggren,4378660,https://a.espncdn.com/i/headshots/nhl/players/full/4378660.png
384,Martin Fehervary,4378677,https://a.espncdn.com/i/headshots/nhl/players/full/4378677.png
385,Nick Perbix,4419638,https://a.espncdn.com/i/headshots/nhl/players/full/4419638.png
386,Trevor Zegras,4565230,https://a.espncdn.com/i/headshots/nhl/players/full/4565230.png
387,Shane Pinto,4565255,https://a.espncdn.com/i/headshots/nhl/players/full/4565255.png
388,Nicholas Robertson,4565275,https://a.espncdn.com/i/headshots/nhl/players/full/4565275.png
389,Declan Chisholm,4587929,https://a.espncdn.com/i/headshots/nhl/players/full/4587929.png
390,Alexander Holtz,4697388,https://a.espncdn.com/i/headshots/nhl/players/full/4697388.png
391,Braden Schneider,4697402,https://a.espncdn.com/i/headshots/nhl/players/full/4697402.png
392,Janis Moser,4874929,https://a.espncdn.com/i/headshots/nhl/players/full/4874929.png
393,Oskar Back,4894398,https://a.espncdn.com/i/headshots/nhl/players/full/4894398.png
394,Andrei Kuzmenko,5077308,https://a.espncdn.com/i/headshots/nhl/players/full/5077308.png
395,Conor Geekie,5080155,https://a.espncdn.com/i/headshots/nhl/players/full/5080155.png
396,Uvis Balinskis,5142461,https://a.espncdn.com/i/headshots/nhl/players/full/5142461.png
397,Pat Maroon,3853,https://a.espncdn.com/i/headshots/nhl/players/full/3853.png
398,Ryan McDonagh,4954,https://a.espncdn.com/i/headshots/nhl/players/full/4954.png
399,Tyler Myers,5052,https://a.espncdn.com/i/headshots/nhl/players/full/5052.png
400,Adam Henrique,5074,https://a.espncdn.com/i/headshots/nhl/players/full/5074.png
401,David Savard,5427,https://a.espncdn.com/i/headshots/nhl/players/full/5427.png
402,Nick Bjugstad,5828,https://a.espncdn.com/i/headshots/nhl/players/full/5828.png
403,Joel Edmundson,2563034,https://a.espncdn.com/i/headshots/nhl/players/full/2563034.png
404,Nikita Zadorov,3042021,https://a.espncdn.com/i/headshots/nhl/players/full/3042021.png
405,Ryan Hartman,3042063,https://a.espncdn.com/i/headshots/nhl/players/full/3042063.png
406,Robby Fabbri,3114774,https://a.espncdn.com/i/headshots/nhl/players/full/3114774.png
407,Michael Amadio,3149829,https://a.espncdn.com/i/headshots/nhl/players/full/3149829.png
408,Mathew Barzal,3899946,https://a.espncdn.com/i/headshots/nhl/players/full/3899946.png
409,Lawson Crouse,3899951,https://a.espncdn.com/i/headshots/nhl/players/full/3899951.png
410,Logan O'Connor,3988782,https://a.espncdn.com/i/headshots/nhl/players/full/3988782.png
411,Patrik Laine,4024820,https://a.espncdn.com/i/headshots/nhl/players/full/4024820.png
412,Jalen Chatfield,4063449,https://a.espncdn.com/i/headshots/nhl/players/full/4063449.png
413,TJ Brodie,5162,https://a.espncdn.com/i/headshots/nhl/players/full/5162.png
414,Tomas Tatar,5227,https://a.espncdn.com/i/headshots/nhl/players/full/5227.png
415,Radko Gudas,5502,https://a.espncdn.com/i/headshots/nhl/players/full/5502.png
416,Sean Kuraly,2564154,https://a.espncdn.com/i/headshots/nhl/players/full/2564154.png
417,William Carrier,3042054,https://a.espncdn.com/i/headshots/nhl/players/full/3042054.png
418,A.J. Greer,3648015,https://a.espncdn.com/i/headshots/nhl/players/full/3648015.png
419,Erik Cernak,3904178,https://a.espncdn.com/i/headshots/nhl/players/full/3904178.png
420,Jonas Siegenthaler,3904190,https://a.espncdn.com/i/headshots/nhl/players/full/3904190.png
421,Tommy Novak,3942061,https://a.espncdn.com/i/headshots/nhl/players/full/3942061.png
422,Dante Fabbro,4024959,https://a.espncdn.com/i/headshots/nhl/players/full/4024959.png
423,Michael Carcone,4031645,https://a.espncdn.com/i/headshots/nhl/players/full/4031645.png
424,Filip Hronek,4063607,https://a.espncdn.com/i/headshots/nhl/players/full/4063607.png
425,Brandon Duhaime,4197009,https://a.espncdn.com/i/headshots/nhl/players/full/4197009.png
426,Cody Glass,4233568,https://a.espncdn.com/i/headshots/nhl/players/full/4233568.png
427,Sean Walker,4272905,https://a.espncdn.com/i/headshots/nhl/players/full/4272905.png
428,Nico Sturm,4320625,https://a.espncdn.com/i/headshots/nhl/players/full/4320625.png
429,Jack Drury,4378671,https://a.espncdn.com/i/headshots/nhl/players/full/4378671.png
430,Egor Zamula,4392268,https://a.espncdn.com/i/headshots/nhl/players/full/4392268.png
431,Parker Kelly,4392309,https://a.espncdn.com/i/headshots/nhl/players/full/4392309.png
432,Cam York,4565235,https://a.espncdn.com/i/headshots/nhl/players/full/4565235.png
433,Alex Newhook,4565237,https://a.espncdn.com/i/headshots/nhl/players/full/4565237.png
434,Kaiden Guhle,4697399,https://a.espncdn.com/i/headshots/nhl/players/full/4697399.png
435,Zachary L'Heureux,4874744,
436,Jiri Kulich,5080176,https://a.espncdn.com/i/headshots/nhl/players/full/5080176.png
437,Ryan Lindgren,4271998,https://a.espncdn.com/i/headshots/nhl/players/full/4271998.png
438,Ilya Lyubushkin,4342107,https://a.espncdn.com/i/headshots/nhl/players/full/4342107.png
439,Joe Veleno,4352804,https://a.espncdn.com/i/headshots/nhl/players/full/4352804.png
440,Philip Tomasino,4565245,https://a.espncdn.com/i/headshots/nhl/players/full/4565245.png
441,Johnny Beecher,4565251,https://a.espncdn.com/i/headshots/nhl/players/full/4565251.png
442,Nils Hoglander,4565263,https://a.espncdn.com/i/headshots/nhl/players/full/4565263.png
443,Hendrix Lapierre,4697405,https://a.espncdn.com/i/headshots/nhl/players/full/4697405.png
444,Zac Jones,4781635,https://a.espncdn.com/i/headshots/nhl/players/full/4781635.png
445,Justin Danforth,4894355,https://a.espncdn.com/i/headshots/nhl/players/full/4894355.png
446,Henry Thrun,4997138,https://a.espncdn.com/i/headshots/nhl/players/full/4997138.png
447,Pavel Mintyukov,5080154,https://a.espncdn.com/i/headshots/nhl/players/full/5080154.png
448,Ivan Ivan,5103714,
449,Emil Lilleberg,5146599,https://a.espncdn.com/i/headshots/nhl/players/full/5146599.png
450,Dmitry Kulikov,5328,https://a.espncdn.com/i/headshots/nhl/players/full/5328.png
451,Sam Carrick,5474,https://a.espncdn.com/i/headshots/nhl/players/full/5474.png
452,Brian Dumoulin,5738,https://a.espncdn.com/i/headshots/nhl/players/full/5738.png
453,Kevin Hayes,5767,https://a.espncdn.com/i/headshots/nhl/players/full/5767.png
454,Adam Larsson,2562610,https://a.espncdn.com/i/headshots/nhl/players/full/2562610.png
455,Colin Miller,2590796,https://a.espncdn.com/i/headshots/nhl/players/full/2590796.png
456,Josh Manson,2590829,https://a.espncdn.com/i/headshots/nhl/players/full/2590829.png
457,Colin Blackwell,2590857,https://a.espncdn.com/i/headshots/nhl/players/full/2590857.png
458,Jacob Trouba,2976839,https://a.espncdn.com/i/headshots/nhl/players/full/2976839.png
459,Mark Jankowski,2976849,https://a.espncdn.com/i/headshots/nhl/players/full/2976849.png
460,Colton Sissons,2993474,https://a.espncdn.com/i/headshots/nhl/players/full/2993474.png
461,Nate Schmidt,3024798,https://a.espncdn.com/i/headshots/nhl/players/full/3024798.png
462,Jonathan Drouin,3041971,https://a.espncdn.com/i/headshots/nhl/players/full/3041971.png
463,Nathan Walker,3067860,https://a.espncdn.com/i/headshots/nhl/players/full/3067860.png
464,Brock McGinn,3067868,https://a.espncdn.com/i/headshots/nhl/players/full/3067868.png
465,Noel Acciari,3096237,https://a.espncdn.com/i/headshots/nhl/players/full/3096237.png
466,Justin Kirkland,3149659,
467,Erik Gustafsson,3891922,https://a.espncdn.com/i/headshots/nhl/players/full/3891922.png
468,Steven Lorentz,3939658,https://a.espncdn.com/i/headshots/nhl/players/full/3939658.png
469,Matt Roy,3942924,https://a.espncdn.com/i/headshots/nhl/players/full/3942924.png
470,Jesse Puljujarvi,4024839,https://a.espncdn.com/i/headshots/nhl/players/full/4024839.png
471,Dennis Cholowski,4024972,https://a.espncdn.com/i/headshots/nhl/players/full/4024972.png
472,Beck Malenstyn,4063240,https://a.espncdn.com/i/headshots/nhl/players/full/4063240.png
473,Tanner Jeannot,4064780,https://a.espncdn.com/i/headshots/nhl/players/full/4064780.png
474,Erik Brannstrom,4233606,https://a.espncdn.com/i/headshots/nhl/players/full/4233606.png
475,Alexandre Texier,4233880,https://a.espncdn.com/i/headshots/nhl/players/full/4233880.png
476,Ryan Suter,3047,https://a.espncdn.com/i/headshots/nhl/players/full/3047.png
477,Trevor Lewis,3454,https://a.espncdn.com/i/headshots/nhl/players/full/3454.png
478,Zach Bogosian,4002,https://a.espncdn.com/i/headshots/nhl/players/full/4002.png
479,Brayden McNabb,5202,https://a.espncdn.com/i/headshots/nhl/players/full/5202.png
480,Ben Chiarot,5246,https://a.espncdn.com/i/headshots/nhl/players/full/5246.png
481,Jamie Oleksiak,2562625,https://a.espncdn.com/i/headshots/nhl/players/full/2562625.png
482,Scott Mayfield,2563069,https://a.espncdn.com/i/headshots/nhl/players/full/2563069.png
483,Dylan DeMelo,2590861,https://a.espncdn.com/i/headshots/nhl/players/full/2590861.png
484,Hampus Lindholm,2968818,https://a.espncdn.com/i/headshots/nhl/players/full/2968818.png
485,Radek Faksa,2976842,https://a.espncdn.com/i/headshots/nhl/players/full/2976842.png
486,Olli Maatta,2976850,https://a.espncdn.com/i/headshots/nhl/players/full/2976850.png
487,Anthony Mantha,3042037,https://a.espncdn.com/i/headshots/nhl/players/full/3042037.png
488,Connor Clifton,3042191,https://a.espncdn.com/i/headshots/nhl/players/full/3042191.png
489,Adam Pelech,3069621,https://a.espncdn.com/i/headshots/nhl/players/full/3069621.png
490,Kasperi Kapanen,3114775,https://a.espncdn.com/i/headshots/nhl/players/full/3114775.png
491,Pierre Engvall,3151763,https://a.espncdn.com/i/headshots/nhl/players/full/3151763.png
492,Jordan Greenway,3900260,https://a.espncdn.com/i/headshots/nhl/players/full/3900260.png
493,Logan Stanley,4024968,https://a.espncdn.com/i/headshots/nhl/players/full/4024968.png
494,Andrew Peeke,4064936,https://a.espncdn.com/i/headshots/nhl/players/full/4064936.png
495,Timothy Liljegren,4233618,https://a.espncdn.com/i/headshots/nhl/players/full/4233618.png
496,Conor Timmins,4233868,https://a.espncdn.com/i/headshots/nhl/players/full/4233868.png
497,Mario Ferraro,4233884,https://a.espncdn.com/i/headshots/nhl/players/full/4233884.png
498,K'Andre Miller,4352770,https://a.espncdn.com/i/headshots/nhl/players/full/4352770.png
499,Jake Christiansen,4392782,https://a.espncdn.com/i/headshots/nhl/players/full/4392782.png
500,Alexander Romanov,4587854,https://a.espncdn.com/i/headshots/nhl/players/full/4587854.png
501,Jamie Drysdale,4697387,https://a.espncdn.com/i/headshots/nhl/players/full/4697387.png
502,Mavrik Bourque,4697413,https://a.espncdn.com/i/headshots/nhl/players/full/4697413.png
503,Brett Berard,4697654,https://a.espncdn.com/i/headshots/nhl/players/full/4697654.png
504,Cole Schwindt,4845286,https://a.espncdn.com/i/headshots/nhl/players/full/4845286.png
505,Marco Kasper,5080152,https://a.espncdn.com/i/headshots/nhl/players/full/5080152.png
506,David Kampf,4267976,https://a.espncdn.com/i/headshots/nhl/players/full/4267976.png
507,Morgan Barron,4316970,https://a.espncdn.com/i/headshots/nhl/players/full/4316970.png
508,Scott Perunovich,4320665,https://a.espncdn.com/i/headshots/nhl/players/full/4320665.png
509,Adam Boqvist,4352706,https://a.espncdn.com/i/headshots/nhl/players/full/4352706.png
510,Isac Lundestrom,4352775,https://a.espncdn.com/i/headshots/nhl/players/full/4352775.png
511,Alexey Toropchenko,4392454,https://a.espncdn.com/i/headshots/nhl/players/full/4392454.png
512,Pontus Holmberg,4588205,https://a.espncdn.com/i/headshots/nhl/players/full/4588205.png
513,Tye Kartye,4588750,https://a.espncdn.com/i/headshots/nhl/players/full/4588750.png
514,Mikael Pyyhtia,4697824,https://a.espncdn.com/i/headshots/nhl/players/full/4697824.png
515,Juuso Parssinen,4867883,https://a.espncdn.com/i/headshots/nhl/players/full/4867883.png
516,Nolan Allan,4874749,https://a.espncdn.com/i/headshots/nhl/players/full/4874749.png
517,Daniil Miromanov,4894820,https://a.espncdn.com/i/headshots/nhl/players/full/4894820.png
518,Max Sasson,4996099,https://a.espncdn.com/i/headshots/nhl/players/full/4996099.png
519,Calvin de Haan,5266,https://a.espncdn.com/i/headshots/nhl/players/full/5266.png
520,Jeff Petry,5407,https://a.espncdn.com/i/headshots/nhl/players/full/5407.png
521,Brett Pesce,3025535,https://a.espncdn.com/i/headshots/nhl/players/full/3025535.png
522,Anthony Duclair,3042086,https://a.espncdn.com/i/headshots/nhl/players/full/3042086.png
523,Carson Soucy,3042198,https://a.espncdn.com/i/headshots/nhl/players/full/3042198.png
524,Oskar Sundqvist,3069277,https://a.espncdn.com/i/headshots/nhl/players/full/3069277.png
525,Troy Stecher,3096102,https://a.espncdn.com/i/headshots/nhl/players/full/3096102.png
526,Haydn Fleury,3114735,https://a.espncdn.com/i/headshots/nhl/players/full/3114735.png
527,Yakov Trenin,3904188,https://a.espncdn.com/i/headshots/nhl/players/full/3904188.png
528,Anthony Richard,3942058,https://a.espncdn.com/i/headshots/nhl/players/full/3942058.png
529,Noah Gregor,4063460,https://a.espncdn.com/i/headshots/nhl/players/full/4063460.png
530,Jan Rutta,4230583,https://a.espncdn.com/i/headshots/nhl/players/full/4230583.png
531,Dylan Samberg,4233878,https://a.espncdn.com/i/headshots/nhl/players/full/4233878.png
532,Cam Atkinson,2501107,https://a.espncdn.com/i/headshots/nhl/players/full/2501107.png
533,Jonny Brodzinski,3025614,https://a.espncdn.com/i/headshots/nhl/players/full/3025614.png
534,Michael McCarron,3042048,https://a.espncdn.com/i/headshots/nhl/players/full/3042048.png
535,Tomas Nosek,3112266,https://a.espncdn.com/i/headshots/nhl/players/full/3112266.png
536,Derek Ryan,3902133,https://a.espncdn.com/i/headshots/nhl/players/full/3902133.png
537,Brandon Carlo,3904175,https://a.espncdn.com/i/headshots/nhl/players/full/3904175.png
538,Daniel Sprong,3904181,https://a.espncdn.com/i/headshots/nhl/players/full/3904181.png
539,Nathan Bastian,4063279,https://a.espncdn.com/i/headshots/nhl/players/full/4063279.png
540,Cole Smith,4197130,https://a.espncdn.com/i/headshots/nhl/players/full/4197130.png
541,Nicolas Hague,4233870,https://a.espncdn.com/i/headshots/nhl/players/full/4233870.png
542,Michael Eyssimont,4270247,https://a.espncdn.com/i/headshots/nhl/players/full/4270247.png
543,Carl Grundstrom,4271565,https://a.espncdn.com/i/headshots/nhl/players/full/4271565.png
544,Zach Whitecloud,4312877,https://a.espncdn.com/i/headshots/nhl/players/full/4312877.png
545,Mattias Samuelsson,4378656,https://a.espncdn.com/i/headshots/nhl/players/full/4378656.png
546,Philipp Kurashev,4392541,https://a.espncdn.com/i/headshots/nhl/players/full/4392541.png
547,Kyle MacLean,4393199,https://a.espncdn.com/i/headshots/nhl/players/full/4393199.png
548,Jakob Pelletier,4565247,https://a.espncdn.com/i/headshots/nhl/players/full/4565247.png
549,Jayden Struble,4565269,https://a.espncdn.com/i/headshots/nhl/players/full/4565269.png
550,Drew Helleson,4565270,https://a.espncdn.com/i/headshots/nhl/players/full/4565270.png
551,Vladislav Kolyachonok,4565274,https://a.espncdn.com/i/headshots/nhl/players/full/4565274.png
552,Ty Emberson,4587566,https://a.espncdn.com/i/headshots/nhl/players/full/4587566.png
553,Emil Andrae,4697457,https://a.espncdn.com/i/headshots/nhl/players/full/4697457.png
554,Jack Thompson,4697776,https://a.espncdn.com/i/headshots/nhl/players/full/4697776.png
555,Arber Xhekaj,4893969,https://a.espncdn.com/i/headshots/nhl/players/full/4893969.png
556,Adam Edstrom,4894222,https://a.espncdn.com/i/headshots/nhl/players/full/4894222.png
557,Sam Malinski,5136735,https://a.espncdn.com/i/headshots/nhl/players/full/5136735.png
558,Isaiah George,5171570,
559,Victor Mancini,5188334,https://a.espncdn.com/i/headshots/nhl/players/full/5188334.png
560,Oliver Wahlstrom,4352727,https://a.espncdn.com/i/headshots/nhl/players/full/4352727.png
561,Ty Dellandrea,4352747,https://a.espncdn.com/i/headshots/nhl/players/full/4352747.png
562,Rasmus Kupari,4352762,https://a.espncdn.com/i/headshots/nhl/players/full/4352762.png
563,Jacob Bernard-Docker,4352798,https://a.espncdn.com/i/headshots/nhl/players/full/4352798.png
564,Nils Lundkvist,4352800,https://a.espncdn.com/i/headshots/nhl/players/full/4352800.png
565,Jakub Lauko,4391789,https://a.espncdn.com/i/headshots/nhl/players/full/4391789.png
566,Simon Benoit,4392642,https://a.espncdn.com/i/headshots/nhl/players/full/4392642.png
567,Dakota Joshua,4588638,https://a.espncdn.com/i/headshots/nhl/players/full/4588638.png
568,Marat Khusnutdinov,4697442,https://a.espncdn.com/i/headshots/nhl/players/full/4697442.png
569,Nick Blankenburg,4781550,https://a.espncdn.com/i/headshots/nhl/players/full/4781550.png
570,Fedor Svechkov,4874736,https://a.espncdn.com/i/headshots/nhl/players/full/4874736.png
571,Aatu Raty,4874912,https://a.espncdn.com/i/headshots/nhl/players/full/4874912.png
572,Ivan Miroshnichenko,5080168,https://a.espncdn.com/i/headshots/nhl/players/full/5080168.png
573,Fraser Minten,5080207,https://a.espncdn.com/i/headshots/nhl/players/full/5080207.png
574,Seamus Casey,5080212,https://a.espncdn.com/i/headshots/nhl/players/full/5080212.png
575,Matthew Poitras,5080221,https://a.espncdn.com/i/headshots/nhl/players/full/5080221.png
576,Alec Martinez,3927,https://a.espncdn.com/i/headshots/nhl/players/full/3927.png
577,Casey Cizikas,5262,https://a.espncdn.com/i/headshots/nhl/players/full/5262.png
578,Justin Holl,5763,https://a.espncdn.com/i/headshots/nhl/players/full/5763.png
579,Luke Glendening,2335062,https://a.espncdn.com/i/headshots/nhl/players/full/2335062.png
580,Ross Johnston,3067822,https://a.espncdn.com/i/headshots/nhl/players/full/3067822.png
581,Jimmy Vesey,3069397,https://a.espncdn.com/i/headshots/nhl/players/full/3069397.png
582,Barclay Goodrow,3069411,https://a.espncdn.com/i/headshots/nhl/players/full/3069411.png
583,Kevin Rooney,3096235,https://a.espncdn.com/i/headshots/nhl/players/full/3096235.png
584,Christian Fischer,3904170,https://a.espncdn.com/i/headshots/nhl/players/full/3904170.png
585,Mathieu Joseph,3941965,https://a.espncdn.com/i/headshots/nhl/players/full/3941965.png
586,Ryan Lomberg,3942548,https://a.espncdn.com/i/headshots/nhl/players/full/3942548.png
587,Jake Bean,4024916,https://a.espncdn.com/i/headshots/nhl/players/full/4024916.png
588,Juuso Valimaki,4233611,https://a.espncdn.com/i/headshots/nhl/players/full/4233611.png
589,Klim Kostin,4233738,https://a.espncdn.com/i/headshots/nhl/players/full/4233738.png
590,Brendan Smith,4973,https://a.espncdn.com/i/headshots/nhl/players/full/4973.png
591,Travis Hamonic,5073,https://a.espncdn.com/i/headshots/nhl/players/full/5073.png
592,Derek Forbort,5829,https://a.espncdn.com/i/headshots/nhl/players/full/5829.png
593,Matt Nieto,2563076,https://a.espncdn.com/i/headshots/nhl/players/full/2563076.png
594,Miles Wood,3042110,https://a.espncdn.com/i/headshots/nhl/players/full/3042110.png
595,Tyler Motte,3042138,https://a.espncdn.com/i/headshots/nhl/players/full/3042138.png
596,Jon Merrill,3059403,https://a.espncdn.com/i/headshots/nhl/players/full/3059403.png
597,Justin Dowling,3067879,https://a.espncdn.com/i/headshots/nhl/players/full/3067879.png
598,Phillip Di Giuseppe,3069834,https://a.espncdn.com/i/headshots/nhl/players/full/3069834.png
599,Jordan Oesterle,3097115,https://a.espncdn.com/i/headshots/nhl/players/full/3097115.png
600,Sam Lafferty,3151322,https://a.espncdn.com/i/headshots/nhl/players/full/3151322.png
601,Jansen Harkins,3900154,https://a.espncdn.com/i/headshots/nhl/players/full/3900154.png
602,Will Borgen,3941946,https://a.espncdn.com/i/headshots/nhl/players/full/3941946.png
603,Jacob Moverare,4063280,https://a.espncdn.com/i/headshots/nhl/players/full/4063280.png
604,Zack MacEwen,4063569,https://a.espncdn.com/i/headshots/nhl/players/full/4063569.png
605,Jacob Bryson,4197014,https://a.espncdn.com/i/headshots/nhl/players/full/4197014.png
606,Henri Jokiharju,4233705,https://a.espncdn.com/i/headshots/nhl/players/full/4233705.png
607,Akil Thomas,4378682,https://a.espncdn.com/i/headshots/nhl/players/full/4378682.png
608,Vincent Desharnais,4392260,https://a.espncdn.com/i/headshots/nhl/players/full/4392260.png
609,Brayden Pachal,4392769,https://a.espncdn.com/i/headshots/nhl/players/full/4392769.png
610,Marc Del Gaizo,4419649,
611,Jordan Harris,4419724,https://a.espncdn.com/i/headshots/nhl/players/full/4419724.png
612,Kaedan Korczak,4565264,https://a.espncdn.com/i/headshots/nhl/players/full/4565264.png
613,Connor Dewar,4588004,https://a.espncdn.com/i/headshots/nhl/players/full/4588004.png
614,Wyatt Kaiser,4697717,https://a.espncdn.com/i/headshots/nhl/players/full/4697717.png
615,Matthew Kessel,4697719,https://a.espncdn.com/i/headshots/nhl/players/full/4697719.png
616,Adam Wilsby,4697765,https://a.espncdn.com/i/headshots/nhl/players/full/4697765.png
617,Logan Mailloux,4874748,https://a.espncdn.com/i/headshots/nhl/players/full/4874748.png
618,Zack Ostapchuk,4874881,https://a.espncdn.com/i/headshots/nhl/players/full/4874881.png
619,Nikita Chibrikov,4874903,https://a.espncdn.com/i/headshots/nhl/players/full/4874903.png
620,Andre Lee,4997131,https://a.espncdn.com/i/headshots/nhl/players/full/4997131.png
621,Jonathan Lekkerimaki,5080159,https://a.espncdn.com/i/headshots/nhl/players/full/5080159.png
622,Maveric Lamoureux,5080177,https://a.espncdn.com/i/headshots/nhl/players/full/5080177.png
623,Sean Durzi,4378683,https://a.espncdn.com/i/headshots/nhl/players/full/4378683.png
624,Grant Hutton,4587946,https://a.espncdn.com/i/headshots/nhl/players/full/4587946.png
625,Tyler Kleven,4697448,https://a.espncdn.com/i/headshots/nhl/players/full/4697448.png
626,Gage Goncalves,4697470,https://a.espncdn.com/i/headshots/nhl/players/full/4697470.png
627,Nils Aman,4697579,https://a.espncdn.com/i/headshots/nhl/players/full/4697579.png
628,Artem Zub,4712021,https://a.espncdn.com/i/headshots/nhl/players/full/4712021.png
629,Marc McLaughlin,4755704,https://a.espncdn.com/i/headshots/nhl/players/full/4755704.png
630,John Ludvig,4846923,https://a.espncdn.com/i/headshots/nhl/players/full/4846923.png
631,Josh Doan,4874870,https://a.espncdn.com/i/headshots/nhl/players/full/4874870.png
632,Samuel Helenius,4874923,https://a.espncdn.com/i/headshots/nhl/players/full/4874923.png
633,Oliver Kapanen,4874943,https://a.espncdn.com/i/headshots/nhl/players/full/4874943.png
634,Cole Reinhardt,4894702,https://a.espncdn.com/i/headshots/nhl/players/full/4894702.png
635,Valtteri Puustinen,4894860,https://a.espncdn.com/i/headshots/nhl/players/full/4894860.png
636,Frank Nazar,5080157,https://a.espncdn.com/i/headshots/nhl/players/full/5080157.png
637,Lian Bichsel,5080162,https://a.espncdn.com/i/headshots/nhl/players/full/5080162.png
638,Owen Pickering,5080169,https://a.espncdn.com/i/headshots/nhl/players/full/5080169.png
639,Jack Johnson,3583,https://a.espncdn.com/i/headshots/nhl/players/full/3583.png
640,Erik Johnson,3649,https://a.espncdn.com/i/headshots/nhl/players/full/3649.png
641,Ryan Reaves,3683,https://a.espncdn.com/i/headshots/nhl/players/full/3683.png
642,Robert Bortuzzo,4916,https://a.espncdn.com/i/headshots/nhl/players/full/4916.png
643,Luke Schenn,5092,https://a.espncdn.com/i/headshots/nhl/players/full/5092.png
644,Tyson Barrie,5181,https://a.espncdn.com/i/headshots/nhl/players/full/5181.png
645,Tyler Johnson,5706,https://a.espncdn.com/i/headshots/nhl/players/full/5706.png
646,Erik Gustafsson,5774,https://a.espncdn.com/i/headshots/nhl/players/full/5774.png
647,Dylan McIlrath,5834,https://a.espncdn.com/i/headshots/nhl/players/full/5834.png
648,Michael Sgarbossa,2517760,https://a.espncdn.com/i/headshots/nhl/players/full/2517760.png
649,Dylan McIlrath,2529256,
650,Zemgus Girgensons,2968829,https://a.espncdn.com/i/headshots/nhl/players/full/2968829.png
651,Curtis Lazar,3042023,https://a.espncdn.com/i/headshots/nhl/players/full/3042023.png
652,Kyle Burroughs,3042255,https://a.espncdn.com/i/headshots/nhl/players/full/3042255.png
653,Nicolas Aube-Kubel,3115014,https://a.espncdn.com/i/headshots/nhl/players/full/3115014.png
654,Oliver Kylington,3900247,https://a.espncdn.com/i/headshots/nhl/players/full/3900247.png
655,Philippe Myers,3941140,https://a.espncdn.com/i/headshots/nhl/players/full/3941140.png
656,Ryan Shea,3942033,https://a.espncdn.com/i/headshots/nhl/players/full/3942033.png
657,Tyson Jost,4024879,https://a.espncdn.com/i/headshots/nhl/players/full/4024879.png
658,Urho Vaakanainen,4233619,https://a.espncdn.com/i/headshots/nhl/players/full/4233619.png
659,P.O Joseph,4233653,https://a.espncdn.com/i/headshots/nhl/players/full/4233653.png
660,Marc-Edouard Vlasic,3371,https://a.espncdn.com/i/headshots/nhl/players/full/3371.png
661,Matt Martin,5050,https://a.espncdn.com/i/headshots/nhl/players/full/5050.png
662,Nicolas Deslauriers,5193,https://a.espncdn.com/i/headshots/nhl/players/full/5193.png
663,T.J. Tynan,2563033,https://a.espncdn.com/i/headshots/nhl/players/full/2563033.png
664,Chris Wagner,2590833,https://a.espncdn.com/i/headshots/nhl/players/full/2590833.png
665,Matt Dumba,2970689,https://a.espncdn.com/i/headshots/nhl/players/full/2970689.png
666,Chad Ruhwedel,3024837,https://a.espncdn.com/i/headshots/nhl/players/full/3024837.png
667,Drake Caggiula,3025590,https://a.espncdn.com/i/headshots/nhl/players/full/3025590.png
668,Kevin Gravel,3025602,https://a.espncdn.com/i/headshots/nhl/players/full/3025602.png
669,Devin Shore,3069353,https://a.espncdn.com/i/headshots/nhl/players/full/3069353.png
670,Andreas Englund,3114997,https://a.espncdn.com/i/headshots/nhl/players/full/3114997.png
671,Mitchell Stephens,3904171,https://a.espncdn.com/i/headshots/nhl/players/full/3904171.png
672,Jeremy Lauzon,3904185,https://a.espncdn.com/i/headshots/nhl/players/full/3904185.png
673,Dennis Gilbert,3942030,https://a.espncdn.com/i/headshots/nhl/players/full/3942030.png
674,Parker Wotherspoon,3942638,https://a.espncdn.com/i/headshots/nhl/players/full/3942638.png
675,Joshua Mahura,4063504,https://a.espncdn.com/i/headshots/nhl/players/full/4063504.png
676,Callahan Burke,4197114,https://a.espncdn.com/i/headshots/nhl/players/full/4197114.png
677,Joey Anderson,4197161,https://a.espncdn.com/i/headshots/nhl/players/full/4197161.png
678,Jonah Gadjovich,4233890,https://a.espncdn.com/i/headshots/nhl/players/full/4233890.png
679,Walker Duehr,4319940,https://a.espncdn.com/i/headshots/nhl/players/full/4319940.png
680,Ty Smith,4352757,https://a.espncdn.com/i/headshots/nhl/players/full/4352757.png
681,Tanner Laczynski,4392137,https://a.espncdn.com/i/headshots/nhl/players/full/4392137.png
682,Sam Poulin,4565242,https://a.espncdn.com/i/headshots/nhl/players/full/4565242.png
683,Albert Johansson,4565282,https://a.espncdn.com/i/headshots/nhl/players/full/4565282.png
684,Shakir Mukhamadullin,4697403,https://a.espncdn.com/i/headshots/nhl/players/full/4697403.png
685,Justin Barron,4697408,https://a.espncdn.com/i/headshots/nhl/players/full/4697408.png
686,Helge Grans,4697440,https://a.espncdn.com/i/headshots/nhl/players/full/4697440.png
687,Louis Crevier,4697681,https://a.espncdn.com/i/headshots/nhl/players/full/4697681.png
688,Danil Gushchin,4697708,https://a.espncdn.com/i/headshots/nhl/players/full/4697708.png
689,Isaak Phillips,4697831,https://a.espncdn.com/i/headshots/nhl/players/full/4697831.png
690,Jack St. Ivany,4755690,https://a.espncdn.com/i/headshots/nhl/players/full/4755690.png
691,Ryan Winterton,4894928,https://a.espncdn.com/i/headshots/nhl/players/full/4894928.png
692,Tyson Kozak,4895527,https://a.espncdn.com/i/headshots/nhl/players/full/4895527.png
693,Simon Nemec,4915344,https://a.espncdn.com/i/headshots/nhl/players/full/4915344.png
694,Lucas Condotta,4997129,https://a.espncdn.com/i/headshots/nhl/players/full/4997129.png
695,David Jiricek,5080147,https://a.espncdn.com/i/headshots/nhl/players/full/5080147.png
696,Denton Mateychuk,5080156,https://a.espncdn.com/i/headshots/nhl/players/full/5080156.png
697,Arshdeep Bains,5103536,https://a.espncdn.com/i/headshots/nhl/players/full/5103536.png
698,Noah Philp,5103537,https://a.espncdn.com/i/headshots/nhl/players/full/5103537.png
699,Georgii Merkulov,5103687,https://a.espncdn.com/i/headshots/nhl/players/full/5103687.png
700,Declan Carlile,5103825,https://a.espncdn.com/i/headshots/nhl/players/full/5103825.png
701,Collin Graf,5136607,https://a.espncdn.com/i/headshots/nhl/players/full/5136607.png
702,Ethan Cardwell,5142131,https://a.espncdn.com/i/headshots/nhl/players/full/5142131.png
703,Calum Ritchie,5149210,
704,Arttu Hyry,5209793,
705,Ben Jones,4270546,https://a.espncdn.com/i/headshots/nhl/players/full/4270546.png
706,Alex Barre-Boulet,4270820,https://a.espncdn.com/i/headshots/nhl/players/full/4270820.png
707,Keaton Middleton,4271557,https://a.espncdn.com/i/headshots/nhl/players/full/4271557.png
708,Nate Clurman,4272071,https://a.espncdn.com/i/headshots/nhl/players/full/4272071.png
709,Connor Mackey,4319927,https://a.espncdn.com/i/headshots/nhl/players/full/4319927.png
710,Grigori Denisenko,4352755,https://a.espncdn.com/i/headshots/nhl/players/full/4352755.png
711,Liam Foudy,4352758,https://a.espncdn.com/i/headshots/nhl/players/full/4352758.png
712,Alexander Alexeyev,4352805,https://a.espncdn.com/i/headshots/nhl/players/full/4352805.png
713,David Gustafsson,4378695,https://a.espncdn.com/i/headshots/nhl/players/full/4378695.png
714,Michael Pezzetta,4392215,https://a.espncdn.com/i/headshots/nhl/players/full/4392215.png
715,Cale Fleury,4393055,https://a.espncdn.com/i/headshots/nhl/players/full/4393055.png
716,Spencer Stastney,4393406,https://a.espncdn.com/i/headshots/nhl/players/full/4393406.png
717,Alex Steeves,4419815,https://a.espncdn.com/i/headshots/nhl/players/full/4419815.png
718,Jonas Rondbjerg,4425678,https://a.espncdn.com/i/headshots/nhl/players/full/4425678.png
719,Ville Heinola,4565241,https://a.espncdn.com/i/headshots/nhl/players/full/4565241.png
720,Tobias Bjornfot,4565243,https://a.espncdn.com/i/headshots/nhl/players/full/4565243.png
721,Nolan Foote,4565248,https://a.espncdn.com/i/headshots/nhl/players/full/4565248.png
722,Ryan Johnson,4565252,https://a.espncdn.com/i/headshots/nhl/players/full/4565252.png
723,Samuel Bolduc,4565279,https://a.espncdn.com/i/headshots/nhl/players/full/4565279.png
724,Reese Johnson,4586824,https://a.espncdn.com/i/headshots/nhl/players/full/4586824.png
725,Linus Karlsson,4587713,https://a.espncdn.com/i/headshots/nhl/players/full/4587713.png
726,Olle Lycksell,4587805,https://a.espncdn.com/i/headshots/nhl/players/full/4587805.png
727,Nathan Legare,4587901,https://a.espncdn.com/i/headshots/nhl/players/full/4587901.png
728,Tyler Tucker,4587904,https://a.espncdn.com/i/headshots/nhl/players/full/4587904.png
729,Mason Morelli,4587953,https://a.espncdn.com/i/headshots/nhl/players/full/4587953.png
730,Tye Felhaber,4588182,https://a.espncdn.com/i/headshots/nhl/players/full/4588182.png
731,Jeffrey Viel,4588188,https://a.espncdn.com/i/headshots/nhl/players/full/4588188.png
732,Brendan Brisson,4697412,https://a.espncdn.com/i/headshots/nhl/players/full/4697412.png
733,Ozzy Wiesblatt,4697414,https://a.espncdn.com/i/headshots/nhl/players/full/4697414.png
734,Sam Colangelo,4697441,https://a.espncdn.com/i/headshots/nhl/players/full/4697441.png
735,Vasily Ponomarev,4697456,https://a.espncdn.com/i/headshots/nhl/players/full/4697456.png
736,Chase Bradley,4697664,
737,Daemon Hunt,4697711,https://a.espncdn.com/i/headshots/nhl/players/full/4697711.png
738,Matt Rempe,4697820,https://a.espncdn.com/i/headshots/nhl/players/full/4697820.png
739,Nikita Nesterenko,4755696,https://a.espncdn.com/i/headshots/nhl/players/full/4755696.png
740,Patrick Giles,4755703,https://a.espncdn.com/i/headshots/nhl/players/full/4755703.png
741,Ben Meyers,4755729,https://a.espncdn.com/i/headshots/nhl/players/full/4755729.png
742,Mike Hardman,4808819,https://a.espncdn.com/i/headshots/nhl/players/full/4808819.png
743,Isak Rosen,4874731,https://a.espncdn.com/i/headshots/nhl/players/full/4874731.png
744,Fabian Lysell,4874738,https://a.espncdn.com/i/headshots/nhl/players/full/4874738.png
745,Oskar Olausson,4874745,https://a.espncdn.com/i/headshots/nhl/players/full/4874745.png
746,Colton Dach,4874940,https://a.espncdn.com/i/headshots/nhl/players/full/4874940.png
747,James Malatesta,4894618,https://a.espncdn.com/i/headshots/nhl/players/full/4894618.png
748,Daniil Misyul,4894671,https://a.espncdn.com/i/headshots/nhl/players/full/4894671.png
749,Joshua Roy,5012030,https://a.espncdn.com/i/headshots/nhl/players/full/5012030.png
750,Adam Klapka,5073306,https://a.espncdn.com/i/headshots/nhl/players/full/5073306.png
751,Matej Blumel,5075578,https://a.espncdn.com/i/headshots/nhl/players/full/5075578.png
752,Kevin Korchinski,5080148,https://a.espncdn.com/i/headshots/nhl/players/full/5080148.png
753,Rutger McGroarty,5080158,https://a.espncdn.com/i/headshots/nhl/players/full/5080158.png
754,Liam Ohgren,5080163,https://a.espncdn.com/i/headshots/nhl/players/full/5080163.png
755,Brad Lambert,5080178,https://a.espncdn.com/i/headshots/nhl/players/full/5080178.png
756,Tristan Luneau,5080220,https://a.espncdn.com/i/headshots/nhl/players/full/5080220.png
757,Michael Milne,5103698,https://a.espncdn.com/i/headshots/nhl/players/full/5103698.png
758,Matt Stienburg,5136731,
759,Samuel Honzek,5149191,https://a.espncdn.com/i/headshots/nhl/players/full/5149191.png
760,Nikolas Matinpalo,5174232,https://a.espncdn.com/i/headshots/nhl/players/full/5174232.png
761,Nikita Grebenkin,5188490,https://a.espncdn.com/i/headshots/nhl/players/full/5188490.png
762,Juha Jaaska,5209443,
763,Jett Luchanko,5216881,
764,Jere Innala,5229169,https://a.espncdn.com/i/headshots/nhl/players/full/5229169.png
765,Justin Hryckowian,5229176,https://a.espncdn.com/i/headshots/nhl/players/full/5229176.png
766,Nikita Prishchepov,5238048,
767,David Perron,3792,https://a.espncdn.com/i/headshots/nhl/players/full/3792.png
768,Nick Leddy,5447,https://a.espncdn.com/i/headshots/nhl/players/full/5447.png
769,Erik Gudbranson,5503,https://a.espncdn.com/i/headshots/nhl/players/full/5503.png
770,Alexander Petrovic,5620,https://a.espncdn.com/i/headshots/nhl/players/full/5620.png
771,Austin Watson,2525761,https://a.espncdn.com/i/headshots/nhl/players/full/2525761.png
772,Patrick Brown,2556063,https://a.espncdn.com/i/headshots/nhl/players/full/2556063.png
773,Mike Reilly,2563077,https://a.espncdn.com/i/headshots/nhl/players/full/2563077.png
774,Jani Hakanpaa,2960288,https://a.espncdn.com/i/headshots/nhl/players/full/2960288.png
775,Brendan Gaunce,2976854,https://a.espncdn.com/i/headshots/nhl/players/full/2976854.png
776,Kurtis MacDermid,2992930,https://a.espncdn.com/i/headshots/nhl/players/full/2992930.png
777,Travis Boyd,3024784,https://a.espncdn.com/i/headshots/nhl/players/full/3024784.png
778,Robert Hagg,3042013,https://a.espncdn.com/i/headshots/nhl/players/full/3042013.png
779,Steven Santini,3042015,https://a.espncdn.com/i/headshots/nhl/players/full/3042015.png
780,John Hayden,3042080,https://a.espncdn.com/i/headshots/nhl/players/full/3042080.png
781,Ryan Graves,3042122,https://a.espncdn.com/i/headshots/nhl/players/full/3042122.png
782,Hudson Fasching,3042134,https://a.espncdn.com/i/headshots/nhl/players/full/3042134.png
783,Joshua Brown,3042228,https://a.espncdn.com/i/headshots/nhl/players/full/3042228.png
784,Andreas Athanasiou,3068035,https://a.espncdn.com/i/headshots/nhl/players/full/3068035.png
785,Dakota Mermis,3069273,https://a.espncdn.com/i/headshots/nhl/players/full/3069273.png
786,Matt Benning,3069449,https://a.espncdn.com/i/headshots/nhl/players/full/3069449.png
787,Vinnie Hinostroza,3069613,https://a.espncdn.com/i/headshots/nhl/players/full/3069613.png
788,Sonny Milano,3114756,https://a.espncdn.com/i/headshots/nhl/players/full/3114756.png
789,Joel Hanley,3149612,https://a.espncdn.com/i/headshots/nhl/players/full/3149612.png
790,Conor Sheary,3149827,https://a.espncdn.com/i/headshots/nhl/players/full/3149827.png
791,Liam O'Brien,3150468,https://a.espncdn.com/i/headshots/nhl/players/full/3150468.png
792,William Lagesson,3151168,https://a.espncdn.com/i/headshots/nhl/players/full/3151168.png
793,Mark Friedman,3151325,https://a.espncdn.com/i/headshots/nhl/players/full/3151325.png
794,Ben Hutton,3571762,https://a.espncdn.com/i/headshots/nhl/players/full/3571762.png
795,Noah Juulsen,3900504,https://a.espncdn.com/i/headshots/nhl/players/full/3900504.png
796,Travis Dermott,3904172,https://a.espncdn.com/i/headshots/nhl/players/full/3904172.png
797,Caleb Jones,3941970,https://a.espncdn.com/i/headshots/nhl/players/full/3941970.png
798,Guillaume Brisebois,3942866,https://a.espncdn.com/i/headshots/nhl/players/full/3942866.png
799,Alexander Nylander,4024861,https://a.espncdn.com/i/headshots/nhl/players/full/4024861.png
800,Julien Gauthier,4024975,https://a.espncdn.com/i/headshots/nhl/players/full/4024975.png
801,Max Jones,4024980,https://a.espncdn.com/i/headshots/nhl/players/full/4024980.png
802,Riley Tufte,4024985,https://a.espncdn.com/i/headshots/nhl/players/full/4024985.png
803,Rasmus Asplund,4027020,https://a.espncdn.com/i/headshots/nhl/players/full/4027020.png
804,Givani Smith,4063602,https://a.espncdn.com/i/headshots/nhl/players/full/4063602.png
805,Dylan Coghlan,4063606,https://a.espncdn.com/i/headshots/nhl/players/full/4063606.png
806,Corey Schueneman,4196930,https://a.espncdn.com/i/headshots/nhl/players/full/4196930.png
807,Kailer Yamamoto,4233648,https://a.espncdn.com/i/headshots/nhl/players/full/4233648.png
808,Shane Bowers,4233686,https://a.espncdn.com/i/headshots/nhl/players/full/4233686.png
